{
  "file": {
    "name": "csigma_inerte_D-19_Rmax10000001_step10.csv",
    "sha256": "0da3c33684216c465f96ce75097b020cb524fc8bed801e015a852fbfcac36aac"
  },
  "discriminant": -19,
  "constants": {
    "C_univ": 0.8819384944310228,
    "C_base_D": 0.8093222677143657,
    "EulerGamma": 0.5772156649015329,
    "exp_minus_gamma": 0.5614594835668851
  },
  "global_stats": {
    "n": 499996,
    "mean": 0.5124775205926829,
    "median": 0.538382498685,
    "std": 0.11286291042140909,
    "mad": 0.0037200134039999666,
    "q05": 0.038111911113999995,
    "q25": 0.534305480708,
    "q75": 0.54154262399875,
    "q95": 0.5482583995320001,
    "min_val": 0.0,
    "max_val": 0.698585761373,
    "skew": -3.993080537758335,
    "kurtosis": 13.997788829187204
  },
  "wls": {
    "weight_mode": "n",
    "n_blocks_total": 200,
    "n_blocks_used": 200,
    "minR_center_used": 1022501.0,
    "maxR_center_used": 9977511.0,
    "C_inf": 0.47318524539527457,
    "C_inf_CI95": [
      0.4727741310222514,
      0.4735963597682977
    ],
    "a": 0.5899492445249058,
    "a_CI95": [
      0.5836432461027422,
      0.5962552429470694
    ],
    "R2_w": 0.9942163369593672,
    "dof": 198,
    "sigma2": 1.3538281495991583e-08,
    "cov_beta": [
      [
        4.346140896126816e-08,
        -6.66126217375462e-07
      ],
      [
        -6.661262173754615e-07,
        1.0225538683679902e-05
      ]
    ]
  },
  "bootstrap": {
    "boot_n": 2000.0,
    "boot_sd": 0.00021855221716360237,
    "boot_q025": 0.47277386832168566,
    "boot_q975": 0.47361329475573455
  },
  "S_Delta": 0.5846685112614199,
  "K_inerte": 0.5365286223281899,
  "prediction_order1": {
    "partial_product_inert_p50": 0.33834586466165406,
    "C_inf_pred_order1": 0.2738308424597477,
    "C_inf_observed": 0.47318524539527457
  },
  "extra": {
    "max_abs_error_identity_X": 7.686073999479959e-13,
    "max_abs_error_H_recompute": 5.000444502911705e-13,
    "max_abs_error_H_star_recompute": 5.000444502911705e-13,
    "EE_sist": 0.001054683063413997,
    "delta_model": 0.017593131899860226,
    "C_inf_tail_1000000": 0.47318524539527457,
    "C_inf_tail_2000000": 0.4737466715296647,
    "C_inf_tail_3000000": 0.47423992845868856,
    "fit_scope": "tail_quantile",
    "fit_minR": 1000000.0,
    "fit_n_blocks": 200
  }
}