{
  "file": {
    "name": "csigma_inerte_D-19_Rmax10000001_step10.csv",
    "sha256": "0da3c33684216c465f96ce75097b020cb524fc8bed801e015a852fbfcac36aac"
  },
  "discriminant": -19,
  "constants": {
    "C_univ": 0.8819384944310228,
    "C_base_D": 0.8093222677143657,
    "EulerGamma": 0.5772156649015329,
    "exp_minus_gamma": 0.5614594835668851
  },
  "global_stats": {
    "n": 499996,
    "mean": 0.5124775205926829,
    "median": 0.538382498685,
    "std": 0.11286291042140909,
    "mad": 0.0037200134039999666,
    "q05": 0.038111911113999995,
    "q25": 0.534305480708,
    "q75": 0.54154262399875,
    "q95": 0.5482583995320001,
    "min_val": 0.0,
    "max_val": 0.698585761373,
    "skew": -3.993080537758335,
    "kurtosis": 13.997788829187204
  },
  "wls": {
    "weight_mode": "n_over_var",
    "n_blocks_total": 50,
    "n_blocks_used": 50,
    "minR_center_used": 100091.0,
    "maxR_center_used": 9900011.0,
    "C_inf": 0.4678151705826965,
    "C_inf_CI95": [
      0.4661644651680963,
      0.4694658759972967
    ],
    "a": 0.6724134689437926,
    "a_CI95": [
      0.6476070346825216,
      0.6972199032050637
    ],
    "R2_w": 0.9840973751015167,
    "dof": 48,
    "sigma2": 1.716532550496983e-07,
    "cov_beta": [
      [
        6.740199945812964e-07,
        -1.0103194142147125e-05
      ],
      [
        -1.0103194142147118e-05,
        0.0001522167035868453
      ]
    ]
  },
  "bootstrap": {
    "boot_n": 2000.0,
    "boot_sd": 0.00283043239661145,
    "boot_q025": 0.464116231012414,
    "boot_q975": 0.47286886665404243
  },
  "S_Delta": 0.5780332374937232,
  "K_inerte": 0.5304396775247968,
  "prediction_order1": {
    "partial_product_inert_p50": 0.11278195488721804,
    "C_inf_pred_order1": 0.09127694748658259,
    "C_inf_observed": 0.4678151705826965
  },
  "extra": {
    "max_abs_error_identity_X": 7.686073999479959e-13,
    "max_abs_error_H_recompute": 5.000444502911705e-13,
    "max_abs_error_H_star_recompute": NaN,
    "EE_sist": 0.0010673458380619505,
    "delta_model": 0.01688843726926509,
    "C_inf_tail_1000000": 0.4731960216956177,
    "C_inf_tail_2000000": 0.4737679407669254,
    "C_inf_tail_3000000": 0.47426336753367965
  }
}