{
  "file": {
    "name": "csigma_inerte_D-7_Rmax10000001_step10.csv",
    "sha256": "6bf8add8cd36ac747ae6f7e58cf4305e4dffad14b92deb1e6fa28a78a5f094e2"
  },
  "discriminant": -7,
  "constants": {
    "C_univ": 0.8819384944310228,
    "C_base_D": 1.3333656730966912,
    "EulerGamma": 0.5772156649015329,
    "exp_minus_gamma": 0.5614594835668851
  },
  "global_stats": {
    "n": 499996,
    "mean": 0.46562406696175385,
    "median": 0.5252959938115,
    "std": 0.15917288306571054,
    "mad": 0.00924833971950001,
    "q05": 0.08563641716375,
    "q25": 0.5171961940845,
    "q75": 0.538943218864,
    "q95": 0.54626667835025,
    "min_val": 0.0,
    "max_val": 0.68187318335,
    "skew": -2.041330483841252,
    "kurtosis": 2.241097597361229
  },
  "wls": {
    "weight_mode": "n",
    "n_blocks_total": 200,
    "n_blocks_used": 200,
    "minR_center_used": 1022501.0,
    "maxR_center_used": 9977511.0,
    "C_inf": 0.43148511233705206,
    "C_inf_CI95": [
      0.43111855633999474,
      0.4318516683341094
    ],
    "a": 0.5125569045542271,
    "a_CI95": [
      0.5069343778542236,
      0.5181794312542306
    ],
    "R2_w": 0.9939106645682118,
    "dof": 198,
    "sigma2": 1.0762641576848869e-08,
    "cov_beta": [
      [
        3.455088204610542e-08,
        -5.295559650371353e-07
      ],
      [
        -5.29555965037135e-07,
        8.129082543839446e-06
      ]
    ]
  },
  "bootstrap": {
    "boot_n": 2000.0,
    "boot_sd": 0.00018510198016890664,
    "boot_q025": 0.43112646351482786,
    "boot_q975": 0.4318575817210851
  },
  "S_Delta": 0.323605985247051,
  "K_inerte": 0.48924626270613353,
  "prediction_order1": {
    "partial_product_inert_p50": 0.195578231292517,
    "C_inf_pred_order1": 0.2607773000104073,
    "C_inf_observed": 0.43148511233705206
  },
  "extra": {
    "max_abs_error_identity_X": 7.672751323184457e-13,
    "max_abs_error_H_recompute": 5.000444502911705e-13,
    "max_abs_error_H_star_recompute": 5.000444502911705e-13,
    "EE_sist": 0.0007857148655868174,
    "delta_model": 0.011711982089523176,
    "C_inf_tail_1000000": 0.43148511233705206,
    "C_inf_tail_2000000": 0.43187796719209043,
    "C_inf_tail_3000000": 0.4322708272026389,
    "fit_scope": "tail_quantile",
    "fit_minR": 1000000.0,
    "fit_n_blocks": 200
  }
}