{
  "file": {
    "name": "csigma_inerte_D-7_Rmax10000001_step10.csv",
    "sha256": "6bf8add8cd36ac747ae6f7e58cf4305e4dffad14b92deb1e6fa28a78a5f094e2"
  },
  "discriminant": -7,
  "constants": {
    "C_univ": 0.8819384944310228,
    "C_base_D": 1.3333656730966912,
    "EulerGamma": 0.5772156649015329,
    "exp_minus_gamma": 0.5614594835668851
  },
  "global_stats": {
    "n": 499996,
    "mean": 0.46562406696175385,
    "median": 0.5252959938115,
    "std": 0.15917288306571054,
    "mad": 0.00924833971950001,
    "q05": 0.08563641716375,
    "q25": 0.5171961940845,
    "q75": 0.538943218864,
    "q95": 0.54626667835025,
    "min_val": 0.0,
    "max_val": 0.68187318335,
    "skew": -2.041330483841252,
    "kurtosis": 2.241097597361229
  },
  "wls": {
    "weight_mode": "n_over_var",
    "n_blocks_total": 50,
    "n_blocks_used": 50,
    "minR_center_used": 100091.0,
    "maxR_center_used": 9900011.0,
    "C_inf": 0.42680214060519134,
    "C_inf_CI95": [
      0.42541898493137603,
      0.42818529627900664
    ],
    "a": 0.5844859212151654,
    "a_CI95": [
      0.5637040949767096,
      0.6052677474536212
    ],
    "R2_w": 0.9852115160400663,
    "dof": 48,
    "sigma2": 1.2119033190865105e-07,
    "cov_beta": [
      [
        4.732337973106074e-07,
        -7.0920756323422495e-06
      ],
      [
        -7.0920756323422495e-06,
        0.00010683192322028948
      ]
    ]
  },
  "bootstrap": {
    "boot_n": 2000.0,
    "boot_sd": 0.002372123761068688,
    "boot_q025": 0.4237543712034794,
    "boot_q975": 0.4311527705305594
  },
  "S_Delta": 0.32009384163457544,
  "K_inerte": 0.4839364006676453,
  "prediction_order1": {
    "partial_product_inert_p50": 0.195578231292517,
    "C_inf_pred_order1": 0.2607773000104073,
    "C_inf_observed": 0.42680214060519134
  },
  "extra": {
    "max_abs_error_identity_X": 7.672751323184457e-13,
    "max_abs_error_H_recompute": 5.000444502911705e-13,
    "max_abs_error_H_star_recompute": NaN,
    "EE_sist": 0.0009069454145209099,
    "delta_model": 0.013062444171172582,
    "C_inf_tail_1000000": 0.43144257388402946,
    "C_inf_tail_2000000": 0.4318477438737576,
    "C_inf_tail_3000000": 0.43234951929855037
  }
}