{
  "file": {
    "name": "csigma_inerte_D-67_Rmax10000001_step10.csv",
    "sha256": "c263aee73e71fe20feda1f70a23ee0b2277d4e2738c8e3966202cf67e33d5767"
  },
  "discriminant": -67,
  "constants": {
    "C_univ": 0.8819384944310228,
    "C_base_D": 0.4309837432842977,
    "EulerGamma": 0.5772156649015329,
    "exp_minus_gamma": 0.5614594835668851
  },
  "global_stats": {
    "n": 499996,
    "mean": 0.25939172814388695,
    "median": 0.26264270169000004,
    "std": 0.03137268667914284,
    "mad": 0.0015513552034999989,
    "q05": 0.25938379146650004,
    "q25": 0.26136090067150003,
    "q75": 0.26456100366975,
    "q95": 0.26810242210949997,
    "min_val": 0.0,
    "max_val": 0.403262957782,
    "skew": -7.899472074038213,
    "kurtosis": 60.977496710981185
  },
  "wls": {
    "weight_mode": "n_over_var",
    "n_blocks_total": 50,
    "n_blocks_used": 50,
    "minR_center_used": 100091.0,
    "maxR_center_used": 9900011.0,
    "C_inf": 0.2383879920134736,
    "C_inf_CI95": [
      0.23745624883947147,
      0.23931973518747574
    ],
    "a": 0.31620609676109385,
    "a_CI95": [
      0.3021992608252856,
      0.3302129326969021
    ],
    "R2_w": 0.9772326522995837,
    "dof": 48,
    "sigma2": 5.390395124809173e-08,
    "cov_beta": [
      [
        2.1474648688294664e-07,
        -3.2201567507012985e-06
      ],
      [
        -3.220156750701298e-06,
        4.8530382207832953e-05
      ]
    ]
  },
  "bootstrap": {
    "boot_n": 2000.0,
    "boot_sd": 0.0015783304314835108,
    "boot_q025": 0.23629902688434434,
    "boot_q975": 0.24122257273128406
  },
  "S_Delta": 0.5531252529314576,
  "K_inerte": 0.27030001924030783,
  "prediction_order1": {
    "partial_product_inert_p50": 0.05073051948051948,
    "C_inf_pred_order1": 0.02186402918447127,
    "C_inf_observed": 0.2383879920134736
  },
  "extra": {
    "max_abs_error_identity_X": 6.322165013727954e-13,
    "max_abs_error_H_recompute": 5.000444502911705e-13,
    "max_abs_error_H_star_recompute": NaN,
    "EE_sist": 0.0004052846274741895,
    "delta_model": 0.006928898019976093,
    "C_inf_tail_1000000": 0.24128929568169027,
    "C_inf_tail_2000000": 0.24155560907757062,
    "C_inf_tail_3000000": 0.24169458030916446
  }
}