{
  "file": {
    "name": "csigma_inerte_D-67_Rmax10000001_step10.csv",
    "sha256": "c263aee73e71fe20feda1f70a23ee0b2277d4e2738c8e3966202cf67e33d5767"
  },
  "discriminant": -67,
  "constants": {
    "C_univ": 0.8819384944310228,
    "C_base_D": 0.4309837432842977,
    "EulerGamma": 0.5772156649015329,
    "exp_minus_gamma": 0.5614594835668851
  },
  "global_stats": {
    "n": 499996,
    "mean": 0.25939172814388695,
    "median": 0.26264270169000004,
    "std": 0.03137268667914284,
    "mad": 0.0015513552034999989,
    "q05": 0.25938379146650004,
    "q25": 0.26136090067150003,
    "q75": 0.26456100366975,
    "q95": 0.26810242210949997,
    "min_val": 0.0,
    "max_val": 0.403262957782,
    "skew": -7.899472074038213,
    "kurtosis": 60.977496710981185
  },
  "wls": {
    "weight_mode": "n",
    "n_blocks_total": 200,
    "n_blocks_used": 200,
    "minR_center_used": 1022501.0,
    "maxR_center_used": 9977511.0,
    "C_inf": 0.24129718863894745,
    "C_inf_CI95": [
      0.2410863930299482,
      0.2415079842479467
    ],
    "a": 0.2715495541701295,
    "a_CI95": [
      0.2683162038788874,
      0.2747829044613716
    ],
    "R2_w": 0.9928331671749276,
    "dof": 198,
    "sigma2": 3.5592733190228947e-09,
    "cov_beta": [
      [
        1.1426194186373304e-08,
        -1.751274911301047e-07
      ],
      [
        -1.7512749113010462e-07,
        2.6883387688632674e-06
      ]
    ]
  },
  "bootstrap": {
    "boot_n": 2000.0,
    "boot_sd": 0.00010799707745945575,
    "boot_q025": 0.2410928741776237,
    "boot_q975": 0.24151390051050983
  },
  "S_Delta": 0.5598753836981182,
  "K_inerte": 0.2735986581406891,
  "prediction_order1": {
    "partial_product_inert_p50": 0.15219155844155843,
    "C_inf_pred_order1": 0.06559208755341381,
    "C_inf_observed": 0.24129718863894745
  },
  "extra": {
    "max_abs_error_identity_X": 6.322165013727954e-13,
    "max_abs_error_H_recompute": 5.000444502911705e-13,
    "max_abs_error_H_star_recompute": 5.000444502911705e-13,
    "EE_sist": 0.00040143570502662596,
    "delta_model": 0.006612672790847179,
    "C_inf_tail_1000000": 0.24129718863894745,
    "C_inf_tail_2000000": 0.24155903085246094,
    "C_inf_tail_3000000": 0.24169862434397407,
    "fit_scope": "tail_quantile",
    "fit_minR": 1000000.0,
    "fit_n_blocks": 200
  }
}