{
  "file": {
    "name": "csigma_inerte_D-8_Rmax10000001_step10.csv",
    "sha256": "7b515331124971095e7da77aa3a13cd7bad9fb44359ce08969a8b8c02a1361e7"
  },
  "discriminant": -8,
  "constants": {
    "C_univ": 0.8819384944310228,
    "C_base_D": 1.2472493800032607,
    "EulerGamma": 0.5772156649015329,
    "exp_minus_gamma": 0.5614594835668851
  },
  "global_stats": {
    "n": 499996,
    "mean": 0.7466443905828587,
    "median": 0.7464864146354999,
    "std": 0.009010563628747812,
    "mad": 0.006232181014000027,
    "q05": 0.7346460395065,
    "q25": 0.7388273820915,
    "q75": 0.7518425778435001,
    "q95": 0.7614882706124999,
    "min_val": 0.733094256452,
    "max_val": 0.929019350033,
    "skew": 1.2581868809067644,
    "kurtosis": 7.232443003007431
  },
  "wls": {
    "weight_mode": "n_over_var",
    "n_blocks_total": 50,
    "n_blocks_used": 50,
    "minR_center_used": 100091.0,
    "maxR_center_used": 9900011.0,
    "C_inf": 0.6884569398692553,
    "C_inf_CI95": [
      0.6867862136153385,
      0.690127666123172
    ],
    "a": 0.8752007693606796,
    "a_CI95": [
      0.849739771312272,
      0.9006617674090872
    ],
    "R2_w": 0.9900512615664304,
    "dof": 48,
    "sigma2": 1.0682695992888098e-07,
    "cov_beta": [
      [
        6.904690601010088e-07,
        -1.050609641581592e-05
      ],
      [
        -1.050609641581592e-05,
        0.00016035572713273824
      ]
    ]
  },
  "bootstrap": {
    "boot_n": 2000.0,
    "boot_sd": 0.0019498549373034332,
    "boot_q025": 0.6847032822131613,
    "boot_q975": 0.6917533830585713
  },
  "S_Delta": 0.5519801820767034,
  "K_inerte": 0.7806178596540443,
  "prediction_order1": {
    "partial_product_inert_p50": 0.3120888157894737,
    "C_inf_pred_order1": 0.38925258199937285,
    "C_inf_observed": 0.6884569398692553
  },
  "extra": {
    "max_abs_error_identity_X": 8.661960038125471e-13,
    "max_abs_error_H_recompute": 5.000444502911705e-13,
    "max_abs_error_H_star_recompute": NaN,
    "EE_sist": 0.0013449011859234528,
    "delta_model": 0.020591777590475147,
    "C_inf_tail_1000000": 0.6921411988834253,
    "C_inf_tail_2000000": 0.6927680150252992,
    "C_inf_tail_3000000": 0.6934861000693487
  }
}