{
  "file": {
    "name": "csigma_inerte_D-8_Rmax10000001_step10.csv",
    "sha256": "7b515331124971095e7da77aa3a13cd7bad9fb44359ce08969a8b8c02a1361e7"
  },
  "discriminant": -8,
  "constants": {
    "C_univ": 0.8819384944310228,
    "C_base_D": 1.2472493800032607,
    "EulerGamma": 0.5772156649015329,
    "exp_minus_gamma": 0.5614594835668851
  },
  "global_stats": {
    "n": 499996,
    "mean": 0.7466443905828587,
    "median": 0.7464864146354999,
    "std": 0.009010563628747812,
    "mad": 0.006232181014000027,
    "q05": 0.7346460395065,
    "q25": 0.7388273820915,
    "q75": 0.7518425778435001,
    "q95": 0.7614882706124999,
    "min_val": 0.733094256452,
    "max_val": 0.929019350033,
    "skew": 1.2581868809067644,
    "kurtosis": 7.232443003007431
  },
  "wls": {
    "weight_mode": "n",
    "n_blocks_total": 200,
    "n_blocks_used": 200,
    "minR_center_used": 1022501.0,
    "maxR_center_used": 9977511.0,
    "C_inf": 0.6920676162967373,
    "C_inf_CI95": [
      0.691928848022376,
      0.6922063845710986
    ],
    "a": 0.8193748838745624,
    "a_CI95": [
      0.8172463459868361,
      0.8215034217622886
    ],
    "R2_w": 0.9996565275152274,
    "dof": 198,
    "sigma2": 1.5424766358264347e-09,
    "cov_beta": [
      [
        4.951751660851672e-09,
        -7.589472320525382e-08
      ],
      [
        -7.589472320525378e-08,
        1.1650411104973417e-06
      ]
    ]
  },
  "bootstrap": {
    "boot_n": 2000.0,
    "boot_sd": 8.941984412851252e-05,
    "boot_q025": 0.6919087906593278,
    "boot_q975": 0.6922689513912109
  },
  "S_Delta": 0.5548750934595998,
  "K_inerte": 0.7847118825936048,
  "prediction_order1": {
    "partial_product_inert_p50": 0.3120888157894737,
    "C_inf_pred_order1": 0.38925258199937285,
    "C_inf_observed": 0.6920676162967373
  },
  "extra": {
    "max_abs_error_identity_X": 8.661960038125471e-13,
    "max_abs_error_H_recompute": 5.000444502911705e-13,
    "max_abs_error_H_star_recompute": 5.000444502911705e-13,
    "EE_sist": 0.0013983538034688658,
    "delta_model": 0.01960203473194244,
    "C_inf_tail_1000000": 0.6920676162967373,
    "C_inf_tail_2000000": 0.6927127738698179,
    "C_inf_tail_3000000": 0.6934659701002062,
    "fit_scope": "tail_quantile",
    "fit_minR": 1000000.0,
    "fit_n_blocks": 200
  }
}