{
  "file": {
    "name": "csigma_inerte_D-4_Rmax10000001_step10.csv",
    "sha256": "f66f68f9cdf1f0c96b1492767d0ebe6cff97f831ad0cfbd2f3fea59f71ffdeb4"
  },
  "discriminant": -4,
  "constants": {
    "C_univ": 0.8819384944310228,
    "C_base_D": 0.8819384944310228,
    "EulerGamma": 0.5772156649015329,
    "exp_minus_gamma": 0.5614594835668851
  },
  "global_stats": {
    "n": 499996,
    "mean": 0.786640717750078,
    "median": 0.7856924738385,
    "std": 0.007897582945393602,
    "mad": 0.0038855748014999247,
    "q05": 0.773944353652,
    "q25": 0.7826576539860001,
    "q75": 0.7906206963192499,
    "q95": 0.799968044467,
    "min_val": 0.772112243087,
    "max_val": 0.951589215408,
    "skew": 1.3422858169959924,
    "kurtosis": 8.543026150004147
  },
  "wls": {
    "weight_mode": "n",
    "n_blocks_total": 200,
    "n_blocks_used": 200,
    "minR_center_used": 1022501.0,
    "maxR_center_used": 9977511.0,
    "C_inf": 0.735032481984214,
    "C_inf_CI95": [
      0.7349054067901607,
      0.7351595571782673
    ],
    "a": 0.7748225636737741,
    "a_CI95": [
      0.7728733835288347,
      0.7767717438187135
    ],
    "R2_w": 0.9996778907497718,
    "dof": 198,
    "sigma2": 1.29348019120665e-09,
    "cov_beta": [
      [
        4.15240823512025e-09,
        -6.364331154391227e-08
      ],
      [
        -6.364331154391223e-08,
        9.769727225477907e-07
      ]
    ]
  },
  "bootstrap": {
    "boot_n": 2000.0,
    "boot_sd": 0.00010000000743437446,
    "boot_q025": 0.7348542025665669,
    "boot_q975": 0.7352467055443861
  },
  "S_Delta": 0.8334282794384836,
  "K_inerte": 0.8334282794384836,
  "prediction_order1": {
    "partial_product_inert_p50": 0.221099853515625,
    "C_inf_pred_order1": 0.19499647192848998,
    "C_inf_observed": 0.735032481984214
  },
  "extra": {
    "max_abs_error_identity_X": 8.885114866075128e-13,
    "max_abs_error_H_recompute": 5.000444502911705e-13,
    "max_abs_error_H_star_recompute": 5.000444502911705e-13,
    "EE_sist": 0.0012587983747888165,
    "delta_model": 0.019624414794741973,
    "C_inf_tail_1000000": 0.735032481984214,
    "C_inf_tail_2000000": 0.7356888555512457,
    "C_inf_tail_3000000": 0.7362912803590028,
    "fit_scope": "tail_quantile",
    "fit_minR": 1000000.0,
    "fit_n_blocks": 200
  }
}