{
  "file": {
    "name": "csigma_inerte_D-4_Rmax10000001_step10.csv",
    "sha256": "f66f68f9cdf1f0c96b1492767d0ebe6cff97f831ad0cfbd2f3fea59f71ffdeb4"
  },
  "discriminant": -4,
  "constants": {
    "C_univ": 0.8819384944310228,
    "C_base_D": 0.8819384944310228,
    "EulerGamma": 0.5772156649015329,
    "exp_minus_gamma": 0.5614594835668851
  },
  "global_stats": {
    "n": 499996,
    "mean": 0.786640717750078,
    "median": 0.7856924738385,
    "std": 0.007897582945393602,
    "mad": 0.0038855748014999247,
    "q05": 0.773944353652,
    "q25": 0.7826576539860001,
    "q75": 0.7906206963192499,
    "q95": 0.799968044467,
    "min_val": 0.772112243087,
    "max_val": 0.951589215408,
    "skew": 1.3422858169959924,
    "kurtosis": 8.543026150004147
  },
  "wls": {
    "weight_mode": "n_over_var",
    "n_blocks_total": 50,
    "n_blocks_used": 50,
    "minR_center_used": 100091.0,
    "maxR_center_used": 9900011.0,
    "C_inf": 0.7317173178236106,
    "C_inf_CI95": [
      0.7302080097147172,
      0.733226625932504
    ],
    "a": 0.8260854670561506,
    "a_CI95": [
      0.803089565002993,
      0.8490813691093082
    ],
    "R2_w": 0.9908830785258693,
    "dof": 48,
    "sigma2": 8.709887716242542e-08,
    "cov_beta": [
      [
        5.634941852835515e-07,
        -8.57214795318633e-06
      ],
      [
        -8.572147953186332e-06,
        0.00013080806718482368
      ]
    ]
  },
  "bootstrap": {
    "boot_n": 2000.0,
    "boot_sd": 0.0017260666587017648,
    "boot_q025": 0.7283695204434502,
    "boot_q975": 0.7346482550325697
  },
  "S_Delta": 0.8296693277864842,
  "K_inerte": 0.8296693277864842,
  "prediction_order1": {
    "partial_product_inert_p50": 0.221099853515625,
    "C_inf_pred_order1": 0.19499647192848998,
    "C_inf_observed": 0.7317173178236106
  },
  "extra": {
    "max_abs_error_identity_X": 8.885114866075128e-13,
    "max_abs_error_H_recompute": 5.000444502911705e-13,
    "max_abs_error_H_star_recompute": NaN,
    "inferred_family": "R",
    "EE_sist": 0.0011942718145696585,
    "delta_model": 0.019887245357902428,
    "C_inf_tail_1000000": 0.7351016603401275,
    "C_inf_tail_2000000": 0.7357255940138373,
    "C_inf_tail_3000000": 0.7362959321546971
  }
}