{
  "file": {
    "name": "csigma_inerte_D-43_Rmax10000001_step10.csv",
    "sha256": "57cee5d26d889bc957feea1a06478e5709ee01ecd6d858f5f25d63ceb0320e2b"
  },
  "discriminant": -43,
  "constants": {
    "C_univ": 0.8819384944310228,
    "C_base_D": 0.5379774380880832,
    "EulerGamma": 0.5772156649015329,
    "exp_minus_gamma": 0.5614594835668851
  },
  "global_stats": {
    "n": 499996,
    "mean": 0.33009678946919346,
    "median": 0.3370474174345,
    "std": 0.04942917714335251,
    "mad": 0.001994193430000013,
    "q05": 0.33275946682125,
    "q25": 0.33521225165949997,
    "q75": 0.339270265964,
    "q95": 0.34369446883175003,
    "min_val": 0.0,
    "max_val": 0.48852151145,
    "skew": -6.2763432442621125,
    "kurtosis": 37.6230297860837
  },
  "wls": {
    "weight_mode": "n_over_var",
    "n_blocks_total": 50,
    "n_blocks_used": 50,
    "minR_center_used": 100091.0,
    "maxR_center_used": 9900011.0,
    "C_inf": 0.29950651778318693,
    "C_inf_CI95": [
      0.2984108351387115,
      0.30060220042766234
    ],
    "a": 0.4605452151818469,
    "a_CI95": [
      0.4440752920562839,
      0.4770151383074099
    ],
    "R2_w": 0.9850421804912565,
    "dof": 48,
    "sigma2": 7.495386295345979e-08,
    "cov_beta": [
      [
        2.9696358212999934e-07,
        -4.452572951731266e-06
      ],
      [
        -4.452572951731264e-06,
        6.709911195305623e-05
      ]
    ]
  },
  "bootstrap": {
    "boot_n": 2000.0,
    "boot_sd": 0.0018433480915601554,
    "boot_q025": 0.297141273997089,
    "boot_q975": 0.30304073660009
  },
  "S_Delta": 0.5567269119084296,
  "K_inerte": 0.3396002325268858,
  "prediction_order1": {
    "partial_product_inert_p50": 0.0663157894736842,
    "C_inf_pred_order1": 0.0356763985258413,
    "C_inf_observed": 0.29950651778318693
  },
  "extra": {
    "max_abs_error_identity_X": 6.75404177030714e-13,
    "max_abs_error_H_recompute": 5.000444502911705e-13,
    "max_abs_error_H_star_recompute": NaN,
    "EE_sist": 0.0013056604159537022,
    "delta_model": 0.021969478592090586,
    "C_inf_tail_1000000": 0.30347037852594855,
    "C_inf_tail_2000000": 0.3042765846396206,
    "C_inf_tail_3000000": 0.30477603894190225
  }
}