{
  "file": {
    "name": "csigma_inerte_D-43_Rmax10000001_step10.csv",
    "sha256": "57cee5d26d889bc957feea1a06478e5709ee01ecd6d858f5f25d63ceb0320e2b"
  },
  "discriminant": -43,
  "constants": {
    "C_univ": 0.8819384944310228,
    "C_base_D": 0.5379774380880832,
    "EulerGamma": 0.5772156649015329,
    "exp_minus_gamma": 0.5614594835668851
  },
  "global_stats": {
    "n": 499996,
    "mean": 0.33009678946919346,
    "median": 0.3370474174345,
    "std": 0.04942917714335251,
    "mad": 0.001994193430000013,
    "q05": 0.33275946682125,
    "q25": 0.33521225165949997,
    "q75": 0.339270265964,
    "q95": 0.34369446883175003,
    "min_val": 0.0,
    "max_val": 0.48852151145,
    "skew": -6.2763432442621125,
    "kurtosis": 37.6230297860837
  },
  "wls": {
    "weight_mode": "n",
    "n_blocks_total": 200,
    "n_blocks_used": 200,
    "minR_center_used": 1022501.0,
    "maxR_center_used": 9977511.0,
    "C_inf": 0.3034691048215034,
    "C_inf_CI95": [
      0.3031929850061032,
      0.3037452246369036
    ],
    "a": 0.3996205267954456,
    "a_CI95": [
      0.395385181999695,
      0.4038558715911961
    ],
    "R2_w": 0.994313448826913,
    "dof": 198,
    "sigma2": 6.107076606303507e-09,
    "cov_beta": [
      [
        1.9605306184757395e-08,
        -3.0048746143914996e-07
      ],
      [
        -3.004874614391498e-07,
        4.612708644036006e-06
      ]
    ]
  },
  "bootstrap": {
    "boot_n": 2000.0,
    "boot_sd": 0.00016620406393046206,
    "boot_q025": 0.30316676271612253,
    "boot_q975": 0.3038306169047329
  },
  "S_Delta": 0.5640926242185947,
  "K_inerte": 0.3440932749140116,
  "prediction_order1": {
    "partial_product_inert_p50": 0.19894736842105265,
    "C_inf_pred_order1": 0.10702919557752393,
    "C_inf_observed": 0.3034691048215034
  },
  "extra": {
    "max_abs_error_identity_X": 6.75404177030714e-13,
    "max_abs_error_H_recompute": 5.000444502911705e-13,
    "max_abs_error_H_star_recompute": 5.000444502911705e-13,
    "EE_sist": 0.0013031930289969518,
    "delta_model": 0.022085145557211472,
    "C_inf_tail_1000000": 0.3034691048215034,
    "C_inf_tail_2000000": 0.30427368720306325,
    "C_inf_tail_3000000": 0.30477229785050036,
    "fit_scope": "tail_quantile",
    "fit_minR": 1000000.0,
    "fit_n_blocks": 200
  }
}