{
  "file": {
    "name": "csigma_inerte_D-163_Rmax10000001_step10.csv",
    "sha256": "f3e05325bba9264243d5dddee230cfd0dc891db2077729800f3ca7b1cf2d7766"
  },
  "discriminant": -163,
  "constants": {
    "C_univ": 0.8819384944310228,
    "C_base_D": 0.2763150168038978,
    "EulerGamma": 0.5772156649015329,
    "exp_minus_gamma": 0.5614594835668851
  },
  "global_stats": {
    "n": 499996,
    "mean": 0.15535619603342016,
    "median": 0.156050723785,
    "std": 0.012191226699537955,
    "mad": 0.0008753254714999881,
    "q05": 0.154231423795,
    "q25": 0.15540305361200002,
    "q75": 0.15715968362174998,
    "q95": 0.158861079122,
    "min_val": 0.0,
    "max_val": 0.229824552169,
    "skew": -12.34930233349418,
    "kurtosis": 152.99778448738266
  },
  "wls": {
    "weight_mode": "n_over_var",
    "n_blocks_total": 50,
    "n_blocks_used": 50,
    "minR_center_used": 100091.0,
    "maxR_center_used": 9900011.0,
    "C_inf": 0.15619766068743515,
    "C_inf_CI95": [
      0.15606494463921955,
      0.15633037673565076
    ],
    "a": -0.012662997911065923,
    "a_CI95": [
      -0.014658025819786896,
      -0.01066797000234495
    ],
    "R2_w": 0.7723717632335303,
    "dof": 48,
    "sigma2": 1.081318390083169e-09,
    "cov_beta": [
      [
        4.356929286470385e-09,
        -6.533193384876468e-08
      ],
      [
        -6.533193384876467e-08,
        9.845359506574117e-07
      ]
    ]
  },
  "bootstrap": {
    "boot_n": 2000.0,
    "boot_sd": 0.0001662971650135562,
    "boot_q025": 0.15586413505879332,
    "boot_q975": 0.15644284745054574
  },
  "S_Delta": 0.5652883527437433,
  "K_inerte": 0.17710720381720624,
  "prediction_order1": {
    "partial_product_inert_p50": 0.036184210526315784,
    "C_inf_pred_order1": 0.009998240739614722,
    "C_inf_observed": 0.15619766068743515
  },
  "extra": {
    "max_abs_error_identity_X": 5.770661726245407e-13,
    "max_abs_error_H_recompute": 5.000444502911705e-13,
    "max_abs_error_H_star_recompute": NaN,
    "EE_sist": 0.0005303085615393777,
    "delta_model": 0.003973546439183406,
    "C_inf_tail_1000000": 0.15605528542086738,
    "C_inf_tail_2000000": 0.15626469682922592,
    "C_inf_tail_3000000": 0.15658559398240676
  }
}