{
  "file": {
    "name": "csigma_inerte_D-163_Rmax10000001_step10.csv",
    "sha256": "f3e05325bba9264243d5dddee230cfd0dc891db2077729800f3ca7b1cf2d7766"
  },
  "discriminant": -163,
  "constants": {
    "C_univ": 0.8819384944310228,
    "C_base_D": 0.2763150168038978,
    "EulerGamma": 0.5772156649015329,
    "exp_minus_gamma": 0.5614594835668851
  },
  "global_stats": {
    "n": 499996,
    "mean": 0.15535619603342016,
    "median": 0.156050723785,
    "std": 0.012191226699537955,
    "mad": 0.0008753254714999881,
    "q05": 0.154231423795,
    "q25": 0.15540305361200002,
    "q75": 0.15715968362174998,
    "q95": 0.158861079122,
    "min_val": 0.0,
    "max_val": 0.229824552169,
    "skew": -12.34930233349418,
    "kurtosis": 152.99778448738266
  },
  "wls": {
    "weight_mode": "n",
    "n_blocks_total": 200,
    "n_blocks_used": 200,
    "minR_center_used": 1022501.0,
    "maxR_center_used": 9977511.0,
    "C_inf": 0.1560523982177072,
    "C_inf_CI95": [
      0.1559276104361441,
      0.1561771859992703
    ],
    "a": -0.010440515853907133,
    "a_CI95": [
      -0.012354609851291994,
      -0.008526421856522273
    ],
    "R2_w": 0.3688266928194919,
    "dof": 198,
    "sigma2": 1.2473328124764975e-09,
    "cov_beta": [
      [
        4.004263132650966e-09,
        -6.137271472965554e-08
      ],
      [
        -6.13727147296555e-08,
        9.421173528692008e-07
      ]
    ]
  },
  "bootstrap": {
    "boot_n": 2000.0,
    "boot_sd": 7.277354090743793e-05,
    "boot_q025": 0.15591197304801274,
    "boot_q975": 0.1561979907198348
  },
  "S_Delta": 0.5647626394784703,
  "K_inerte": 0.17694249565371725,
  "prediction_order1": {
    "partial_product_inert_p50": 0.10855263157894735,
    "C_inf_pred_order1": 0.029994722218844163,
    "C_inf_observed": 0.1560523982177072
  },
  "extra": {
    "max_abs_error_identity_X": 5.770661726245407e-13,
    "max_abs_error_H_recompute": 5.000444502911705e-13,
    "max_abs_error_H_star_recompute": 5.000444502911705e-13,
    "EE_sist": 0.0005298244389731199,
    "delta_model": 0.004047037964643091,
    "C_inf_tail_1000000": 0.1560523982177072,
    "C_inf_tail_2000000": 0.15626120268784652,
    "C_inf_tail_3000000": 0.15658222265668031,
    "fit_scope": "tail_quantile",
    "fit_minR": 1000000.0,
    "fit_n_blocks": 200
  }
}