{
  "file": {
    "name": "csigma_inerte_D-3_Rmax10000001_step10.csv",
    "sha256": "b49f64233a661e4e8f44da3af5a6c04e6220022f9ea0e246d548a80b90179687"
  },
  "discriminant": -3,
  "constants": {
    "C_univ": 0.8819384944310228,
    "C_base_D": 0.6789165695579257,
    "EulerGamma": 0.5772156649015329,
    "exp_minus_gamma": 0.5614594835668851
  },
  "global_stats": {
    "n": 499996,
    "mean": 0.6035307903379492,
    "median": 0.784565620518,
    "std": 0.27874848390124723,
    "mad": 0.01940582122399992,
    "q05": 0.10208293253875,
    "q25": 0.28887879978375003,
    "q75": 0.80151946870225,
    "q95": 0.8105447202307501,
    "min_val": 0.0,
    "max_val": 0.940946901492,
    "skew": -0.8511182826216886,
    "kurtosis": -1.0468307683725193
  },
  "wls": {
    "weight_mode": "n_over_var",
    "n_blocks_total": 50,
    "n_blocks_used": 50,
    "minR_center_used": 100091.0,
    "maxR_center_used": 9900011.0,
    "C_inf": 0.5608227195069946,
    "C_inf_CI95": [
      0.5592630546882474,
      0.5623823843257417
    ],
    "a": 0.6429977386060496,
    "a_CI95": [
      0.6195723548538971,
      0.6664231223582021
    ],
    "R2_w": 0.9844854668289984,
    "dof": 48,
    "sigma2": 1.5567864206403228e-07,
    "cov_beta": [
      [
        6.017224014028609e-07,
        -9.014156361442474e-06
      ],
      [
        -9.014156361442474e-06,
        0.00013573975362806553
      ]
    ]
  },
  "bootstrap": {
    "boot_n": 2000.0,
    "boot_sd": 0.002690560239899142,
    "boot_q025": 0.5573855950706064,
    "boot_q975": 0.5656707706912385
  },
  "S_Delta": 0.8260554310409193,
  "K_inerte": 0.6358977673027028,
  "prediction_order1": {
    "partial_product_inert_p50": 0.12853731646598582,
    "C_inf_pred_order1": 0.08726611395526856,
    "C_inf_observed": 0.5608227195069946
  },
  "extra": {
    "max_abs_error_identity_X": 8.998357614586894e-13,
    "max_abs_error_H_recompute": 5.000444502911705e-13,
    "max_abs_error_H_star_recompute": NaN,
    "EE_sist": 0.0011064735162850114,
    "delta_model": 0.014751517785376311,
    "C_inf_tail_1000000": 0.5660451248315523,
    "C_inf_tail_2000000": 0.5666020503811203,
    "C_inf_tail_3000000": 0.5671515983478373
  }
}