{
  "file": {
    "name": "csigma_inerte_D-3_Rmax10000001_step10.csv",
    "sha256": "b49f64233a661e4e8f44da3af5a6c04e6220022f9ea0e246d548a80b90179687"
  },
  "discriminant": -3,
  "constants": {
    "C_univ": 0.8819384944310228,
    "C_base_D": 0.6789165695579257,
    "EulerGamma": 0.5772156649015329,
    "exp_minus_gamma": 0.5614594835668851
  },
  "global_stats": {
    "n": 499996,
    "mean": 0.6035307903379492,
    "median": 0.784565620518,
    "std": 0.27874848390124723,
    "mad": 0.01940582122399992,
    "q05": 0.10208293253875,
    "q25": 0.28887879978375003,
    "q75": 0.80151946870225,
    "q95": 0.8105447202307501,
    "min_val": 0.0,
    "max_val": 0.940946901492,
    "skew": -0.8511182826216886,
    "kurtosis": -1.0468307683725193
  },
  "wls": {
    "weight_mode": "n",
    "n_blocks_total": 200,
    "n_blocks_used": 200,
    "minR_center_used": 1022501.0,
    "maxR_center_used": 9977511.0,
    "C_inf": 0.566005445694685,
    "C_inf_CI95": [
      0.5658770475271345,
      0.5661338438622355
    ],
    "a": 0.5634263709770202,
    "a_CI95": [
      0.5614568980149627,
      0.5653958439390777
    ],
    "R2_w": 0.9993782736412573,
    "dof": 198,
    "sigma2": 1.320553104093786e-09,
    "cov_beta": [
      [
        4.239319335255743e-09,
        -6.497538438197394e-08
      ],
      [
        -6.49753843819739e-08,
        9.974210429708275e-07
      ]
    ]
  },
  "bootstrap": {
    "boot_n": 2000.0,
    "boot_sd": 9.173824316352806e-05,
    "boot_q025": 0.5658388449694138,
    "boot_q975": 0.5662097933339368
  },
  "S_Delta": 0.8336892500108484,
  "K_inerte": 0.6417742838856807,
  "prediction_order1": {
    "partial_product_inert_p50": 0.3856119493979576,
    "C_inf_pred_order1": 0.2617983418658058,
    "C_inf_observed": 0.566005445694685
  },
  "extra": {
    "max_abs_error_identity_X": 8.998357614586894e-13,
    "max_abs_error_H_recompute": 5.000444502911705e-13,
    "max_abs_error_H_star_recompute": 5.000444502911705e-13,
    "EE_sist": 0.0010735381055849702,
    "delta_model": 0.016527382771948318,
    "C_inf_tail_1000000": 0.566005445694685,
    "C_inf_tail_2000000": 0.5666518003726378,
    "C_inf_tail_3000000": 0.56707898380027,
    "fit_scope": "tail_quantile",
    "fit_minR": 1000000.0,
    "fit_n_blocks": 200
  }
}