{
  "file": {
    "name": "csigma_inerte_D-11_Rmax10000001_step10.csv",
    "sha256": "4415174dfdb2972beb3be76efde3e7151dc1f50b4e8fb3256c0512aa7bcdacce"
  },
  "discriminant": -11,
  "constants": {
    "C_univ": 0.8819384944310228,
    "C_base_D": 1.0636578451631447,
    "EulerGamma": 0.5772156649015329,
    "exp_minus_gamma": 0.5614594835668851
  },
  "global_stats": {
    "n": 499996,
    "mean": 0.6950434553144791,
    "median": 0.7559058076759999,
    "std": 0.19597201913937617,
    "mad": 0.006720526731500087,
    "q05": 0.082453493474,
    "q25": 0.74760591123675,
    "q75": 0.7611233978395,
    "q95": 0.7705653120907501,
    "min_val": 0.0,
    "max_val": 0.940946901492,
    "skew": -2.8433764606884453,
    "kurtosis": 6.120801757572094
  },
  "wls": {
    "weight_mode": "n_over_var",
    "n_blocks_total": 50,
    "n_blocks_used": 50,
    "minR_center_used": 100091.0,
    "maxR_center_used": 9900011.0,
    "C_inf": 0.6443160002825126,
    "C_inf_CI95": [
      0.6423964229051118,
      0.6462355776599134
    ],
    "a": 0.7637305183424837,
    "a_CI95": [
      0.7348907532044956,
      0.7925702834804719
    ],
    "R2_w": 0.9833510593985253,
    "dof": 48,
    "sigma2": 2.3380672681094967e-07,
    "cov_beta": [
      [
        9.114752372065415e-07,
        -1.3658848068508325e-05
      ],
      [
        -1.3658848068508328e-05,
        0.0002057392094998811
      ]
    ]
  },
  "bootstrap": {
    "boot_n": 2000.0,
    "boot_sd": 0.0032982028650580847,
    "boot_q025": 0.640060417589625,
    "boot_q975": 0.6502369443537331
  },
  "S_Delta": 0.6057549457397994,
  "K_inerte": 0.7305679526985486,
  "prediction_order1": {
    "partial_product_inert_p50": 0.14545454545454545,
    "C_inf_pred_order1": 0.15471386838736648,
    "C_inf_observed": 0.6443160002825126
  },
  "extra": {
    "max_abs_error_identity_X": 8.790745908981989e-13,
    "max_abs_error_H_recompute": 5.000444502911705e-13,
    "max_abs_error_H_star_recompute": NaN,
    "EE_sist": 0.0013359851659850985,
    "delta_model": 0.024563795270937328,
    "C_inf_tail_1000000": 0.6506342486466841,
    "C_inf_tail_2000000": 0.6515187950675825,
    "C_inf_tail_3000000": 0.6519702338126692
  }
}