{
  "file": {
    "name": "csigma_inerte_D-11_Rmax10000001_step10.csv",
    "sha256": "4415174dfdb2972beb3be76efde3e7151dc1f50b4e8fb3256c0512aa7bcdacce"
  },
  "discriminant": -11,
  "constants": {
    "C_univ": 0.8819384944310228,
    "C_base_D": 1.0636578451631447,
    "EulerGamma": 0.5772156649015329,
    "exp_minus_gamma": 0.5614594835668851
  },
  "global_stats": {
    "n": 499996,
    "mean": 0.6950434553144791,
    "median": 0.7559058076759999,
    "std": 0.19597201913937617,
    "mad": 0.006720526731500087,
    "q05": 0.082453493474,
    "q25": 0.74760591123675,
    "q75": 0.7611233978395,
    "q95": 0.7705653120907501,
    "min_val": 0.0,
    "max_val": 0.940946901492,
    "skew": -2.8433764606884453,
    "kurtosis": 6.120801757572094
  },
  "wls": {
    "weight_mode": "n",
    "n_blocks_total": 200,
    "n_blocks_used": 200,
    "minR_center_used": 1022501.0,
    "maxR_center_used": 9977511.0,
    "C_inf": 0.6507083824100379,
    "C_inf_CI95": [
      0.650155125849839,
      0.6512616389702368
    ],
    "a": 0.6655528450367859,
    "a_CI95": [
      0.6570665569753625,
      0.6740391330982093
    ],
    "R2_w": 0.9917901745656076,
    "dof": 198,
    "sigma2": 2.4518356954984285e-08,
    "cov_beta": [
      [
        7.871031038868776e-08,
        -1.2063806162931911e-06
      ],
      [
        -1.2063806162931903e-06,
        1.8518850237948976e-05
      ]
    ]
  },
  "bootstrap": {
    "boot_n": 2000.0,
    "boot_sd": 0.00028794164148255143,
    "boot_q025": 0.6501819659579624,
    "boot_q975": 0.651312256562717
  },
  "S_Delta": 0.6117647562785867,
  "K_inerte": 0.7378160569233781,
  "prediction_order1": {
    "partial_product_inert_p50": 0.4363636363636363,
    "C_inf_pred_order1": 0.4641416051620994,
    "C_inf_observed": 0.6507083824100379
  },
  "extra": {
    "max_abs_error_identity_X": 8.790745908981989e-13,
    "max_abs_error_H_recompute": 5.000444502911705e-13,
    "max_abs_error_H_star_recompute": 5.000444502911705e-13,
    "EE_sist": 0.0013882763900828765,
    "delta_model": 0.022100643543736198,
    "C_inf_tail_1000000": 0.6507083824100379,
    "C_inf_tail_2000000": 0.6514674850631484,
    "C_inf_tail_3000000": 0.6520966588001208,
    "fit_scope": "tail_quantile",
    "fit_minR": 1000000.0,
    "fit_n_blocks": 200
  }
}